{"cameraMode":{"drawMode":0,"name":"Shaded","section":"Shading Mode"},"sceneLighting":false,"audioPlay":false,"sceneViewState":{"m_AlwaysRefresh":false,"showFog":true,"showSkybox":false,"showFlares":true,"showImageEffects":true,"showParticleSystems":true,"showVisualEffectGraphs":true,"m_FxEnabled":true},"in2DMode":false,"pivot":{"x":0.5038580894470215,"y":2.0072107315063478,"z":-0.09950516372919083},"rotation":{"x":0.12348007410764694,"y":0.11851939558982849,"z":-0.016130480915308,"w":0.9854059815406799},"size":2.6932623386383058,"orthographic":false}