{"cameraMode":{"drawMode":0,"name":"Shaded","section":"Shading Mode"},"sceneLighting":false,"audioPlay":false,"sceneViewState":{"m_AlwaysRefresh":false,"showFog":true,"showSkybox":false,"showFlares":true,"showImageEffects":true,"showParticleSystems":true,"showVisualEffectGraphs":true,"m_FxEnabled":true},"in2DMode":false,"pivot":{"x":5.985856056213379,"y":1.1399998664855958,"z":18.040000915527345},"rotation":{"x":-0.10107406228780747,"y":-0.4156154692173004,"z":0.04630386456847191,"w":-0.9036180973052979},"size":1.7320507764816285,"orthographic":false}